{"cameraMode":{"drawMode":0,"name":"Shaded","section":"Shading Mode"},"sceneLighting":true,"audioPlay":false,"sceneViewState":{"showFog":true,"showMaterialUpdate":false,"showSkybox":true,"showFlares":true,"showImageEffects":true,"showParticleSystems":true},"in2DMode":false,"pivot":{"x":1596.0106201171875,"y":246.828369140625,"z":-832.1764526367188},"rotation":{"x":-0.11521159112453461,"y":0.6671777963638306,"z":-0.10555976629257202,"w":-0.728357195854187},"size":475.0971374511719,"orthographic":false}