{"cameraMode":{"drawMode":0,"name":"Shaded","section":"Shading Mode"},"sceneLighting":true,"audioPlay":false,"sceneViewState":{"showFog":true,"showMaterialUpdate":false,"showSkybox":true,"showFlares":true,"showImageEffects":true,"showParticleSystems":true},"in2DMode":false,"pivot":{"x":620.9066162109375,"y":279.7100524902344,"z":-502.8654479980469},"rotation":{"x":-0.02376679889857769,"y":0.2579701542854309,"z":0.006347845308482647,"w":0.9658409357070923},"size":600.2345581054688,"orthographic":false}